{
  "title": "Quality Pipeline Report: source",
  "generated_at": "2026-04-18T17:05:57.116269+00:00",
  "summary": {
    "mcd_mean": 95.04597982722638,
    "mcd_std": 0.0,
    "mcd_min": 95.04597982722638,
    "mcd_max": 95.04597982722638,
    "f0_rmse_mean": 1287.8499236101131,
    "f0_rmse_std": 0.0,
    "f0_rmse_min": 1287.8499236101131,
    "f0_rmse_max": 1287.8499236101131,
    "pitch_corr_mean": 0.4840891763414711,
    "pitch_corr_std": 0.0,
    "pitch_corr_min": 0.4840891763414711,
    "pitch_corr_max": 0.4840891763414711,
    "mos_pred_mean": 5.0,
    "mos_pred_std": 0.0,
    "mos_pred_min": 5.0,
    "mos_pred_max": 5.0,
    "pesq_mean": 1.1399818658828735,
    "pesq_std": 0.0,
    "pesq_min": 1.1399818658828735,
    "pesq_max": 1.1399818658828735,
    "stoi_mean": 0.14796377444881925,
    "stoi_std": 0.0,
    "stoi_min": 0.14796377444881925,
    "stoi_max": 0.14796377444881925,
    "snr_mean": -34.08118473932702,
    "snr_std": 0.0,
    "snr_min": -34.08118473932702,
    "snr_max": -34.08118473932702,
    "speaker_similarity_mean": 0.9976822137832642,
    "speaker_similarity_std": 0.0,
    "speaker_similarity_min": 0.9976822137832642,
    "speaker_similarity_max": 0.9976822137832642,
    "latency_ms_mean": 104791.05114936829,
    "latency_ms_std": 0.0,
    "latency_ms_min": 104791.05114936829,
    "latency_ms_max": 104791.05114936829,
    "sample_count": 1.0
  },
  "samples": [
    {
      "sample_id": "source",
      "sample_idx": null,
      "sample_rate": 44100,
      "latency_ms": 104791.05114936829,
      "metadata_source_path": "/home/kp/thordrive/autovoice/data/training/pillowtalk/aligned/conor_to_william/source.wav",
      "metadata_reference_path": "/home/kp/thordrive/autovoice/data/samples/7da05140-1303-40c6-95d9-5b6e2c3624df/sample_001/vocals.wav",
      "metadata_output_path": "/home/kp/thordrive/autovoice/output/conor_to_william_vocals.wav",
      "metadata_evaluation_window_seconds": 20.0,
      "mcd": 95.04597982722638,
      "f0_rmse": 1287.8499236101131,
      "pitch_corr": 0.4840891763414711,
      "mos_pred": 5.0,
      "pesq": 1.1399818658828735,
      "stoi": 0.14796377444881925,
      "snr": -34.08118473932702,
      "speaker_similarity": 0.9976822137832642
    }
  ]
}