{
  "title": "Quality Pipeline Report: source",
  "generated_at": "2026-04-18T16:31:45.945639+00:00",
  "summary": {
    "mcd_mean": 117.81403917280281,
    "mcd_std": 0.0,
    "mcd_min": 117.81403917280281,
    "mcd_max": 117.81403917280281,
    "f0_rmse_mean": 2381.009699161261,
    "f0_rmse_std": 0.0,
    "f0_rmse_min": 2381.009699161261,
    "f0_rmse_max": 2381.009699161261,
    "pitch_corr_mean": -0.9836619141325608,
    "pitch_corr_std": 0.0,
    "pitch_corr_min": -0.9836619141325608,
    "pitch_corr_max": -0.9836619141325608,
    "mos_pred_mean": 5.0,
    "mos_pred_std": 0.0,
    "mos_pred_min": 5.0,
    "mos_pred_max": 5.0,
    "pesq_mean": 1.128684163093567,
    "pesq_std": 0.0,
    "pesq_min": 1.128684163093567,
    "pesq_max": 1.128684163093567,
    "stoi_mean": 0.046712720910035074,
    "stoi_std": 0.0,
    "stoi_min": 0.046712720910035074,
    "stoi_max": 0.046712720910035074,
    "snr_mean": -38.0626995963904,
    "snr_std": 0.0,
    "snr_min": -38.0626995963904,
    "snr_max": -38.0626995963904,
    "speaker_similarity_mean": 0.9959040284156799,
    "speaker_similarity_std": 0.0,
    "speaker_similarity_min": 0.9959040284156799,
    "speaker_similarity_max": 0.9959040284156799,
    "latency_ms_mean": 115915.90142250061,
    "latency_ms_std": 0.0,
    "latency_ms_min": 115915.90142250061,
    "latency_ms_max": 115915.90142250061,
    "sample_count": 1.0
  },
  "samples": [
    {
      "sample_id": "source",
      "sample_idx": null,
      "sample_rate": 44100,
      "latency_ms": 115915.90142250061,
      "metadata_source_path": "/home/kp/thordrive/autovoice/data/training/pillowtalk/aligned/william_to_conor/source.wav",
      "metadata_reference_path": "/home/kp/thordrive/autovoice/data/samples/9679a6ec-e6e2-43c4-b64e-1f004fed34f9/sample_001/vocals.wav",
      "metadata_output_path": "/home/kp/thordrive/autovoice/output/william_to_conor_vocals.wav",
      "metadata_evaluation_window_seconds": 20.0,
      "mcd": 117.81403917280281,
      "f0_rmse": 2381.009699161261,
      "pitch_corr": -0.9836619141325608,
      "mos_pred": 5.0,
      "pesq": 1.128684163093567,
      "stoi": 0.046712720910035074,
      "snr": -38.0626995963904,
      "speaker_similarity": 0.9959040284156799
    }
  ]
}