{
  "timestamp": "2026-02-01T10:50:45.043640",
  "platform": "Jetson Thor (CUDA 13.0, SM 11.0)",
  "results": [
    {
      "pipeline_name": "Realtime (ContentVec + HiFiGAN)",
      "pipeline_type": "realtime",
      "audio_duration_sec": 30.0,
      "processing_time_sec": 8.219494100000247,
      "rtf": 0.2739831366666749,
      "latency_ms": 17.29855093005426,
      "gpu_memory_peak_gb": 0.4742136001586914,
      "gpu_memory_idle_gb": 9.5367431640625e-07,
      "cpu_memory_peak_mb": 0.0,
      "mcd": 242.86750697005706,
      "speaker_similarity": 0.8895419239997864,
      "output_sample_rate": 22050,
      "error": null,
      "metadata": {
        "latency_breakdown": {
          "content_encoder_ms": 5.1904370700049185,
          "pitch_extractor_ms": 3.9986901199790736,
          "decoder_ms": 0.2844065300268994,
          "vocoder_ms": 6.4014533400586515,
          "total_ms": 17.29855093005426
        }
      }
    },
    {
      "pipeline_name": "Quality (CoMoSVC)",
      "pipeline_type": "quality",
      "audio_duration_sec": 30.0,
      "processing_time_sec": 6.933682657999725,
      "rtf": 0.23112275526665751,
      "latency_ms": 0.0,
      "gpu_memory_peak_gb": 1.8614082336425781,
      "gpu_memory_idle_gb": 0.008912086486816406,
      "cpu_memory_peak_mb": 0.0,
      "mcd": 281.83731659930584,
      "speaker_similarity": 0.7794004082679749,
      "output_sample_rate": 24000,
      "error": null,
      "metadata": {}
    },
    {
      "pipeline_name": "Quality Seed-VC (DiT-CFM)",
      "pipeline_type": "quality_seedvc",
      "audio_duration_sec": 30.0,
      "processing_time_sec": 58.44506481349981,
      "rtf": 1.9481688271166604,
      "latency_ms": 0.0,
      "gpu_memory_peak_gb": 3.2541494369506836,
      "gpu_memory_idle_gb": 0.008912086486816406,
      "cpu_memory_peak_mb": 0.0,
      "mcd": 155.07721568426288,
      "speaker_similarity": 0.9843448996543884,
      "output_sample_rate": 44100,
      "error": null,
      "metadata": {}
    },
    {
      "pipeline_name": "Realtime MeanVC (Streaming)",
      "pipeline_type": "realtime_meanvc",
      "audio_duration_sec": 30.0,
      "processing_time_sec": 123.38117964100002,
      "rtf": 4.112705988033334,
      "latency_ms": 690.0274647299921,
      "gpu_memory_peak_gb": 0.01433706283569336,
      "gpu_memory_idle_gb": 0.00940847396850586,
      "cpu_memory_peak_mb": 0.0,
      "mcd": 205.63417447344017,
      "speaker_similarity": 0.9216307401657104,
      "output_sample_rate": 16000,
      "error": null,
      "metadata": {
        "latency_breakdown": {
          "asr_ms": 238.1352393000816,
          "vc_ms": 372.24271609002244,
          "vocoder_ms": 79.5175305399971,
          "total_ms": 690.0274647299921
        }
      }
    }
  ],
  "summary": {
    "total_pipelines": 4,
    "successful": 4,
    "failed": 0,
    "fastest_rtf": 0.23112275526665751,
    "best_mcd": 155.07721568426288,
    "max_memory_gb": 3.2541494369506836
  }
}