{
  "timestamp": "2026-02-01T10:51:40.274707",
  "system_info": {
    "python_version": "3.12.12 | packaged by Anaconda, Inc. | (main, Oct 21 2025, 20:05:09) [GCC 11.2.0]",
    "torch_version": "2.10.0+cu130",
    "cuda_available": true,
    "platform": "linux",
    "cuda_version": "13.0",
    "gpu_name": "NVIDIA Thor",
    "gpu_count": 1,
    "gpu_memory_total_mb": 125771.6953125
  },
  "test_audio": {
    "path": "tests/quality_samples/william_singe_pillowtalk.wav",
    "duration_s": 5.0,
    "sample_rate": 44100
  },
  "pipelines": {
    "realtime": {
      "pipeline_name": "Realtime Karaoke",
      "pipeline_type": "realtime",
      "total_time_s": 0.14542012499987322,
      "rtf": 0.029084024999974645,
      "latency_ms": 1025.4615772496436,
      "warmup_time_s": 0.2225457570002618,
      "gpu_memory_allocated_mb": 30.845703125,
      "gpu_memory_peak_mb": 621.533203125,
      "cpu_memory_mb": 0.0,
      "mcd": 1142.8193138499264,
      "speaker_similarity": 0.9336469173431396,
      "input_duration_s": 5.0,
      "output_duration_s": 2.8908843537414968,
      "input_sample_rate": 44100,
      "output_sample_rate": 22050,
      "iterations": 3,
      "times": [
        0.1556197850004537,
        0.1402735150004446,
        0.14036707499872136
      ],
      "rtf_mean": 0.029084024999974645,
      "rtf_std": 0.0014424699785566923,
      "rtf_min": 0.028054703000088922,
      "rtf_max": 0.03112395700009074,
      "success": true,
      "error": null
    },
    "quality": {
      "pipeline_name": "Quality (CoMoSVC)",
      "pipeline_type": "quality",
      "total_time_s": 0.6167678743337698,
      "rtf": 0.12335357486675395,
      "latency_ms": 0.0,
      "warmup_time_s": 0.48236506799912604,
      "gpu_memory_allocated_mb": 106.97900390625,
      "gpu_memory_peak_mb": 1067.16259765625,
      "cpu_memory_mb": 0.0,
      "mcd": 1085.8228460468242,
      "speaker_similarity": 0.9253989458084106,
      "input_duration_s": 5.0,
      "output_duration_s": 4.970666666666666,
      "input_sample_rate": 44100,
      "output_sample_rate": 24000,
      "iterations": 3,
      "times": [
        0.6318666780007334,
        0.607405787000971,
        0.6110311579996051
      ],
      "rtf_mean": 0.12335357486675397,
      "rtf_std": 0.0021557132329359523,
      "rtf_min": 0.1214811574001942,
      "rtf_max": 0.12637333560014669,
      "success": true,
      "error": null
    }
  },
  "summary": {
    "total_pipelines": 2,
    "successful_pipelines": 2,
    "fastest_pipeline": {
      "name": "Realtime Karaoke",
      "type": "realtime",
      "rtf": 0.029084024999974645
    },
    "best_quality_pipeline": {
      "name": "Realtime Karaoke",
      "type": "realtime",
      "speaker_similarity": 0.9336469173431396
    },
    "lowest_mcd_pipeline": {
      "name": "Quality (CoMoSVC)",
      "type": "quality",
      "mcd": 1085.8228460468242
    },
    "lowest_memory_pipeline": {
      "name": "Realtime Karaoke",
      "type": "realtime",
      "gpu_memory_mb": 621.533203125
    },
    "realtime_compliant": [
      "realtime",
      "quality"
    ],
    "streaming_compliant": [],
    "recommendations": {
      "karaoke": "realtime",
      "studio": "realtime",
      "streaming": "realtime"
    }
  }
}